patient_id,gold_stage,age,sex,smoking_status,pack_years,bmi,fev1_pct_predicted
COPD0001,GOLD I,64,Male,Current,51.8,16.4,98.0
COPD0002,GOLD II,75,Female,Former,40.2,29.5,59.2
COPD0003,GOLD II,62,Male,Current,54.3,23.5,50.3
COPD0004,GOLD III,71,Male,Former,38.8,28.4,34.5
COPD0005,GOLD III,55,Female,Never,49.6,21.1,39.9
COPD0006,GOLD III,61,Male,Current,11.6,22.3,38.3
COPD0007,GOLD II,80,Male,Former,29.6,22.3,67.1
COPD0008,GOLD II,48,Male,Former,17.5,22.2,59.1
COPD0009,GOLD III,58,Female,Former,40.4,28.4,39.1
COPD0010,GOLD II,48,Male,Former,36.3,25.5,59.7
COPD0011,GOLD III,64,Female,Never,29.8,30.4,28.6
COPD0013,GOLD III,57,Male,Former,46.2,22.6,35.2
COPD0014,GOLD II,78,Male,Former,51.4,23.6,47.7
COPD0015,GOLD II,80,Male,Former,55.4,23.6,68.0
COPD0016,GOLD III,67,Female,Current,63.2,37.3,42.7
COPD0017,GOLD III,78,Female,Former,24.6,22.2,32.6
COPD0018,GOLD II,52,Male,Former,41.6,28.0,54.6
COPD0021,GOLD I,71,Male,Current,42.6,27.9,80.4
COPD0023,GOLD II,50,Female,Former,42.7,29.5,62.1
COPD0024,GOLD III,54,Male,Former,6.0,25.7,34.5
COPD0025,GOLD II,80,Male,Former,40.7,24.3,58.7
COPD0026,GOLD II,59,Male,Former,37.2,16.6,53.0
COPD0027,GOLD I,59,Male,Current,44.4,24.1,74.4
COPD0028,GOLD II,77,Male,Former,39.1,25.8,57.7
COPD0029,GOLD IV,58,Male,Current,26.3,17.7,14.5
COPD0030,GOLD III,56,Male,Current,42.1,27.7,41.5
COPD0032,GOLD IV,72,Male,Former,33.8,30.9,15.3
COPD0033,GOLD III,59,Male,Former,25.3,24.3,40.7
COPD0034,GOLD III,78,Male,Former,50.9,22.3,33.6
COPD0035,GOLD III,52,Male,Former,44.9,26.7,34.5
COPD0036,GOLD I,66,Male,Current,34.9,23.9,86.5
COPD0038,GOLD II,79,Male,Former,31.3,27.4,69.7
COPD0039,GOLD I,82,Male,Former,41.5,25.9,70.0
COPD0040,GOLD III,61,Female,Former,63.0,26.5,43.8
COPD0041,GOLD I,64,Female,Former,41.5,26.8,97.2
COPD0042,GOLD II,49,Female,Former,45.3,22.6,64.8
COPD0043,GOLD III,78,Female,Former,40.8,20.1,25.0
COPD0044,GOLD II,74,Male,Former,33.6,20.4,70.5
COPD0045,GOLD II,67,Male,Former,15.1,26.2,66.3
COPD0046,GOLD I,53,Male,Current,49.3,24.0,71.4
COPD0047,GOLD II,67,Male,Current,34.8,29.5,70.4
COPD0048,GOLD I,73,Female,Current,37.1,25.9,78.7
COPD0049,GOLD I,62,Male,Former,5.0,25.7,82.2
COPD0051,GOLD I,57,Male,Former,18.1,26.6,70.0
COPD0052,GOLD I,71,Female,Former,25.3,28.1,70.0
COPD0053,GOLD II,63,Male,Former,26.1,19.2,73.7
COPD0054,GOLD II,68,Male,Current,40.1,21.1,62.7
COPD0055,GOLD II,57,Male,Former,37.8,27.5,69.1
COPD0056,GOLD I,53,Male,Current,22.6,21.8,74.0
COPD0057,GOLD II,57,Male,Current,51.8,19.1,66.2
COPD0058,GOLD II,50,Female,Former,34.7,26.5,49.8
COPD0059,GOLD I,76,Male,Former,5.0,28.0,78.5
COPD0060,GOLD II,78,Male,Former,30.8,23.2,71.8
COPD0061,GOLD I,56,Male,Never,40.3,26.7,96.0
COPD0062,GOLD III,59,Male,Former,21.6,35.5,35.5
COPD0063,GOLD I,53,Female,Former,43.9,29.2,87.5
COPD0064,GOLD IV,58,Male,Former,52.9,29.6,25.4
COPD0066,GOLD II,80,Male,Current,49.2,24.7,74.3
COPD0067,GOLD II,77,Male,Former,23.4,23.0,45.0
COPD0068,GOLD IV,51,Male,Former,21.6,19.5,23.0
COPD0069,GOLD I,49,Male,Current,51.9,20.4,98.0
COPD0070,GOLD II,52,Male,Former,33.9,25.4,65.7
COPD0072,GOLD III,65,Male,Former,57.2,34.0,38.9
COPD0073,GOLD III,63,Male,Current,16.9,22.8,30.1
COPD0074,GOLD II,67,Male,Former,31.1,21.2,47.8
COPD0075,GOLD II,52,Male,Current,28.6,23.8,74.5
COPD0076,GOLD II,82,Male,Never,42.7,22.1,67.2
COPD0077,GOLD III,63,Male,Former,33.8,19.0,32.5
COPD0078,GOLD II,77,Male,Former,48.0,31.5,72.0
COPD0079,GOLD I,74,Male,Former,5.0,22.7,84.8
COPD0080,GOLD III,67,Male,Current,21.9,17.8,42.7
COPD0081,GOLD I,79,Male,Former,9.5,22.2,85.8
COPD0082,GOLD I,67,Male,Former,59.0,24.4,91.6
COPD0083,GOLD II,56,Male,Former,32.2,21.1,58.1
COPD0084,GOLD II,58,Female,Former,10.0,21.6,61.9
COPD0085,GOLD III,76,Male,Former,55.4,22.8,34.1
COPD0086,GOLD IV,55,Male,Former,39.5,16.9,12.0
COPD0087,GOLD III,65,Male,Current,38.2,28.6,33.4
COPD0088,GOLD IV,52,Male,Never,14.7,25.7,16.3
COPD0089,GOLD I,60,Male,Former,42.5,27.9,75.2
COPD0091,GOLD IV,50,Female,Former,34.3,20.9,21.9
COPD0092,GOLD III,57,Male,Current,38.6,31.3,42.3
COPD0094,GOLD I,82,Male,Former,42.1,17.6,79.6
COPD0095,GOLD IV,60,Male,Former,47.0,27.0,25.8
COPD0096,GOLD III,60,Male,Former,34.1,22.8,39.0
COPD0097,GOLD I,65,Male,Current,37.2,22.9,94.9
COPD0098,GOLD I,49,Male,Former,37.6,31.3,83.0
COPD0099,GOLD I,77,Female,Current,31.2,27.5,78.6
COPD0100,GOLD III,67,Male,Current,5.0,26.9,41.3
COPD0101,GOLD II,78,Male,Former,61.7,22.9,59.0
COPD0102,GOLD III,53,Female,Former,47.9,16.6,37.5
COPD0103,GOLD III,59,Male,Former,26.8,22.2,43.0
COPD0104,GOLD III,71,Male,Current,37.3,17.7,40.7
COPD0105,GOLD II,56,Female,Former,31.2,27.8,50.9
COPD0106,GOLD I,81,Male,Former,45.4,23.2,81.0
COPD0107,GOLD II,75,Male,Never,31.5,30.6,54.6
COPD0108,GOLD II,79,Male,Former,23.1,28.0,72.6
COPD0109,GOLD III,61,Female,Former,63.9,28.0,38.7
COPD0110,GOLD I,73,Male,Former,26.6,21.8,86.7
COPD0111,GOLD III,63,Male,Current,49.8,26.9,43.0
COPD0112,GOLD III,60,Male,Never,45.9,22.7,46.9
COPD0113,GOLD III,68,Male,Former,27.3,22.2,42.7
COPD0115,GOLD IV,65,Male,Former,43.4,26.7,26.8
COPD0116,GOLD III,82,Female,Former,34.4,19.7,32.4
COPD0117,GOLD II,57,Male,Current,27.5,23.6,48.6
COPD0118,GOLD I,60,Male,Never,56.1,27.1,98.0
COPD0119,GOLD II,76,Male,Former,19.5,29.0,50.1
COPD0120,GOLD IV,55,Male,Former,30.3,26.5,13.8
COPD0121,GOLD III,58,Male,Former,34.0,29.5,32.1
COPD0122,GOLD II,61,Male,Former,38.7,27.5,51.7
COPD0123,GOLD II,68,Male,Current,23.4,20.8,60.0
COPD0124,GOLD III,74,Female,Former,13.8,23.6,31.9
COPD0125,GOLD IV,59,Male,Never,43.9,25.6,24.4
COPD0126,GOLD II,70,Female,Former,18.8,28.6,55.2
COPD0127,GOLD II,52,Female,Current,31.5,29.5,60.6
COPD0128,GOLD II,65,Male,Former,50.7,23.3,79.0
COPD0129,GOLD II,75,Male,Current,35.8,30.5,56.9
COPD0130,GOLD II,75,Male,Never,22.9,24.4,63.9
COPD0131,GOLD II,79,Female,Former,45.8,21.6,61.1
COPD0132,GOLD III,67,Male,Former,27.4,26.2,37.7
COPD0133,GOLD I,48,Male,Former,51.1,30.1,92.9
COPD0134,GOLD III,57,Male,Former,32.1,30.2,32.0
COPD0135,GOLD I,71,Male,Current,28.5,29.0,77.9
COPD0136,GOLD I,48,Male,Current,41.6,24.7,74.2
COPD0137,GOLD II,50,Male,Former,49.7,18.1,61.1
COPD0139,GOLD III,49,Female,Former,42.6,25.3,34.1
COPD0140,GOLD III,75,Male,Current,64.6,29.3,44.5
COPD0141,GOLD III,75,Male,Former,29.2,27.5,43.2
COPD0142,GOLD II,73,Male,Current,37.3,26.8,67.1
COPD0143,GOLD III,57,Male,Former,25.8,23.3,39.3
COPD0144,GOLD III,65,Male,Current,23.1,21.0,49.0
COPD0145,GOLD II,48,Male,Current,35.0,27.3,52.2
COPD0146,GOLD I,61,Male,Current,51.7,22.4,89.7
COPD0148,GOLD II,59,Male,Current,35.2,21.2,62.4
COPD0150,GOLD II,48,Female,Former,34.0,27.7,71.3
COPD0151,GOLD II,68,Female,Current,49.8,29.1,49.5
COPD0152,GOLD II,56,Male,Former,28.1,24.5,71.1
COPD0153,GOLD III,68,Male,Former,43.3,31.0,36.8
COPD0154,GOLD II,69,Male,Current,31.1,17.0,68.2
COPD0156,GOLD II,65,Male,Current,35.9,23.0,60.7
COPD0157,GOLD II,77,Male,Former,46.2,33.0,62.6
COPD0158,GOLD I,70,Male,Current,47.2,26.7,78.0
COPD0159,GOLD II,55,Male,Former,21.0,27.3,60.8
COPD0160,GOLD I,52,Female,Current,47.6,18.7,79.1
COPD0161,GOLD II,57,Female,Current,8.7,30.8,58.8
COPD0162,GOLD III,68,Male,Current,39.3,30.7,41.3
COPD0163,GOLD II,67,Female,Current,63.1,30.6,50.1
COPD0164,GOLD III,72,Male,Former,56.7,28.2,34.6
COPD0165,GOLD I,81,Male,Never,7.4,23.7,70.0
COPD0166,GOLD IV,70,Female,Current,25.3,28.7,24.9
COPD0168,GOLD II,63,Female,Current,42.9,18.5,62.4
COPD0169,GOLD II,76,Female,Current,27.3,26.5,63.5
COPD0170,GOLD I,70,Male,Current,47.9,23.3,94.2
COPD0171,GOLD I,59,Male,Former,44.9,29.1,78.8
COPD0172,GOLD II,53,Male,Never,34.0,33.6,51.8
COPD0173,GOLD II,58,Female,Current,54.1,35.2,60.3
COPD0174,GOLD III,60,Male,Current,41.1,28.2,43.3
COPD0175,GOLD II,65,Male,Former,33.9,33.7,56.8
COPD0176,GOLD IV,57,Male,Former,44.3,35.2,25.3
COPD0177,GOLD I,77,Female,Former,45.2,34.0,82.1
COPD0179,GOLD II,74,Male,Former,65.9,26.2,61.4
COPD0180,GOLD II,77,Female,Current,27.4,30.5,72.2
COPD0181,GOLD IV,63,Male,Former,5.8,28.4,22.1
COPD0182,GOLD II,65,Female,Current,51.1,30.1,65.4
COPD0184,GOLD IV,63,Female,Current,33.6,25.1,12.0
COPD0185,GOLD III,67,Male,Former,16.0,25.5,27.1
COPD0187,GOLD III,54,Male,Never,42.5,27.7,42.6
COPD0188,GOLD I,52,Male,Never,40.0,26.2,92.1
COPD0189,GOLD I,52,Male,Former,67.8,28.7,81.9
COPD0190,GOLD II,66,Male,Former,50.0,19.0,67.1
COPD0191,GOLD III,57,Male,Current,36.2,23.9,49.0
COPD0192,GOLD III,78,Female,Current,64.2,23.2,41.1
COPD0193,GOLD I,48,Male,Former,27.9,18.0,81.1
COPD0194,GOLD III,79,Male,Former,33.2,31.6,31.2
COPD0195,GOLD II,49,Male,Former,39.7,35.1,72.3
COPD0197,GOLD IV,51,Male,Current,53.8,26.6,25.0
COPD0198,GOLD III,60,Male,Current,32.7,16.0,37.7
COPD0199,GOLD I,67,Male,Current,14.6,33.1,84.3
COPD0201,GOLD IV,68,Male,Current,19.0,25.4,21.2
COPD0202,GOLD III,51,Male,Former,22.9,27.8,35.1
COPD0205,GOLD I,69,Male,Never,26.8,29.7,81.4
COPD0207,GOLD III,61,Male,Current,68.9,27.0,39.8
COPD0208,GOLD III,60,Male,Current,30.8,23.1,41.4
COPD0210,GOLD II,63,Female,Current,46.3,24.6,59.1
COPD0211,GOLD III,70,Male,Former,22.6,22.2,25.3
COPD0212,GOLD III,65,Male,Current,50.5,30.9,37.1
COPD0213,GOLD III,78,Male,Current,5.0,26.5,35.7
COPD0214,GOLD I,70,Male,Current,64.8,21.0,74.6
COPD0215,GOLD I,62,Female,Former,23.9,25.9,82.5
COPD0216,GOLD I,50,Male,Current,44.3,24.6,90.1
COPD0217,GOLD III,56,Male,Former,62.0,25.5,46.7
COPD0218,GOLD I,65,Female,Current,29.0,28.2,98.0
COPD0219,GOLD II,67,Male,Former,25.1,28.0,67.5
COPD0220,GOLD II,64,Male,Current,52.0,30.6,57.1
COPD0221,GOLD II,49,Male,Current,47.5,29.4,60.0
COPD0222,GOLD II,70,Male,Former,46.2,24.7,58.2
COPD0223,GOLD II,69,Female,Former,49.7,22.6,68.3
COPD0224,GOLD II,80,Female,Former,29.9,26.1,68.1
COPD0225,GOLD I,78,Male,Current,33.0,29.2,71.9
COPD0226,GOLD II,59,Male,Former,39.8,26.3,68.8
COPD0228,GOLD I,49,Female,Former,38.8,21.1,79.8
COPD0229,GOLD III,82,Female,Current,24.5,22.7,46.0
COPD0230,GOLD II,81,Female,Former,31.9,29.4,67.0
COPD0231,GOLD IV,73,Male,Former,20.4,32.8,16.2
COPD0232,GOLD III,53,Male,Former,46.5,35.0,42.3
COPD0233,GOLD III,55,Female,Former,5.0,31.4,25.0
COPD0234,GOLD II,56,Female,Former,68.3,26.6,65.0
COPD0235,GOLD IV,80,Male,Current,30.7,33.1,23.3
COPD0236,GOLD III,59,Male,Former,35.7,33.6,41.4
COPD0237,GOLD III,68,Male,Current,43.1,30.1,38.2
COPD0238,GOLD II,51,Female,Former,57.0,23.2,74.4
COPD0239,GOLD IV,54,Male,Former,26.5,26.8,15.1
COPD0240,GOLD III,55,Female,Current,25.2,24.1,42.9
COPD0241,GOLD I,76,Male,Never,25.7,22.2,80.1
COPD0242,GOLD II,65,Female,Current,29.9,27.3,64.7
COPD0243,GOLD II,75,Female,Current,21.7,27.6,45.0
COPD0244,GOLD II,77,Male,Former,24.7,23.8,69.3
COPD0245,GOLD II,56,Male,Current,35.2,34.5,45.0
COPD0246,GOLD I,76,Male,Never,62.8,23.1,78.8
COPD0247,GOLD II,50,Female,Current,42.4,23.2,66.4
COPD0248,GOLD II,65,Male,Former,44.1,23.7,59.8
COPD0249,GOLD II,61,Male,Current,22.3,28.1,47.6
COPD0250,GOLD II,63,Male,Current,51.8,23.8,70.0
COPD0251,GOLD III,82,Male,Former,33.3,23.7,49.0
COPD0252,GOLD II,60,Female,Former,20.2,22.6,65.3
COPD0253,GOLD III,52,Male,Former,38.2,27.0,45.6
COPD0255,GOLD II,77,Male,Former,37.1,30.8,56.1
COPD0256,GOLD II,70,Female,Never,23.3,23.2,54.3
COPD0257,GOLD I,82,Male,Former,63.0,25.9,89.7
COPD0258,GOLD II,55,Male,Current,35.7,30.1,62.3
COPD0259,GOLD IV,49,Male,Current,32.0,27.9,27.6
COPD0260,GOLD II,61,Male,Former,23.9,26.7,67.0
COPD0261,GOLD II,69,Female,Former,36.8,21.7,58.3
COPD0262,GOLD IV,65,Male,Current,41.5,21.2,26.4
COPD0263,GOLD II,55,Male,Never,14.3,33.3,61.9
COPD0264,GOLD III,56,Male,Current,39.6,25.3,38.8
COPD0265,GOLD II,57,Male,Former,31.1,24.9,45.0
COPD0267,GOLD II,56,Male,Former,27.5,26.6,55.7
COPD0268,GOLD III,54,Female,Current,13.6,28.7,46.5
COPD0269,GOLD I,62,Male,Current,59.6,21.1,89.3
COPD0270,GOLD II,81,Male,Former,52.3,20.8,62.6
COPD0271,GOLD II,75,Male,Former,32.2,16.0,62.8
COPD0272,GOLD I,76,Female,Former,37.1,34.3,92.4
COPD0273,GOLD II,66,Male,Former,47.1,20.4,62.2
COPD0274,GOLD IV,50,Male,Current,45.4,25.9,24.8
COPD0275,GOLD I,49,Male,Current,22.7,29.3,83.5
COPD0276,GOLD I,82,Male,Current,59.4,26.1,92.0
COPD0277,GOLD III,63,Male,Never,23.6,24.7,34.5
COPD0278,GOLD IV,75,Male,Current,30.9,25.4,14.6
COPD0279,GOLD I,61,Female,Former,46.6,26.7,73.9
COPD0281,GOLD III,75,Male,Current,22.5,26.7,35.5
COPD0282,GOLD I,57,Male,Never,36.0,32.8,86.4
COPD0284,GOLD I,71,Male,Former,26.9,28.2,87.8
COPD0285,GOLD I,73,Male,Former,36.3,27.0,76.8
COPD0286,GOLD III,80,Male,Current,37.8,27.8,34.8
COPD0287,GOLD I,75,Male,Former,32.7,19.0,91.3
COPD0288,GOLD III,61,Female,Former,23.0,25.1,39.9
COPD0289,GOLD I,75,Female,Current,51.8,28.4,74.1
COPD0290,GOLD IV,55,Male,Former,48.6,26.0,20.9
COPD0291,GOLD II,49,Male,Former,28.2,24.8,63.3
COPD0292,GOLD II,76,Male,Former,52.0,18.2,58.6
COPD0294,GOLD II,60,Male,Current,46.7,19.8,61.2
COPD0295,GOLD I,62,Male,Former,33.2,25.5,86.5
COPD0296,GOLD III,75,Female,Never,22.4,22.8,41.5
COPD0297,GOLD II,75,Male,Current,38.7,24.8,67.8
COPD0298,GOLD II,65,Female,Current,18.2,22.0,60.8
COPD0299,GOLD II,74,Female,Former,46.7,29.7,67.1
COPD0300,GOLD III,76,Male,Current,57.1,31.8,35.9
COPD0301,GOLD II,66,Female,Current,43.8,19.3,61.4
COPD0302,GOLD III,52,Male,Former,34.9,29.4,38.6
COPD0303,GOLD II,78,Male,Current,31.9,28.5,75.9
COPD0304,GOLD III,61,Male,Current,35.8,27.0,42.2
COPD0305,GOLD III,50,Female,Current,28.5,25.7,39.9
COPD0306,GOLD II,80,Male,Current,38.3,36.1,55.8
COPD0307,GOLD I,81,Male,Former,44.5,23.8,96.7
COPD0308,GOLD III,55,Male,Former,8.5,29.5,35.1
COPD0309,GOLD II,59,Female,Current,36.5,26.5,53.8
COPD0310,GOLD II,81,Male,Former,21.0,24.0,55.8
COPD0311,GOLD III,72,Male,Former,40.9,23.0,29.6
COPD0312,GOLD I,50,Female,Current,49.2,31.7,76.7
COPD0313,GOLD II,72,Male,Current,26.6,26.2,65.3
COPD0314,GOLD II,67,Male,Current,60.0,24.6,68.8
COPD0316,GOLD III,63,Male,Current,26.7,27.6,42.0
COPD0318,GOLD I,77,Male,Former,55.8,21.9,77.0
COPD0319,GOLD III,77,Female,Former,18.8,31.1,30.6
COPD0320,GOLD III,82,Male,Former,39.5,23.9,49.0
COPD0321,GOLD I,66,Male,Current,57.7,23.6,93.1
COPD0322,GOLD II,76,Male,Former,30.0,29.4,70.1
COPD0323,GOLD I,61,Male,Former,39.0,23.1,87.7
COPD0324,GOLD II,58,Female,Former,82.8,32.5,51.8
COPD0325,GOLD III,65,Male,Former,38.0,32.8,30.4
COPD0326,GOLD IV,52,Male,Current,30.9,19.2,20.9
COPD0327,GOLD II,67,Male,Former,40.7,23.0,75.8
COPD0328,GOLD II,77,Male,Former,28.2,29.2,71.0
COPD0329,GOLD II,48,Female,Current,28.3,29.3,58.7
COPD0330,GOLD III,81,Female,Current,37.2,28.4,40.8
COPD0332,GOLD I,71,Male,Current,47.7,27.8,79.3
COPD0333,GOLD III,51,Male,Former,33.7,21.3,41.8
COPD0334,GOLD II,74,Male,Former,56.8,32.2,68.9
COPD0336,GOLD II,65,Male,Current,13.8,23.8,63.4
COPD0337,GOLD III,82,Male,Current,45.7,18.7,31.9
COPD0338,GOLD IV,53,Female,Former,25.7,33.2,22.2
COPD0339,GOLD II,51,Male,Former,40.5,20.9,64.7
COPD0340,GOLD I,68,Female,Former,42.6,24.2,87.7
COPD0341,GOLD I,56,Female,Former,47.8,23.2,80.1
COPD0342,GOLD III,60,Male,Current,47.4,21.3,25.2
COPD0343,GOLD I,56,Male,Current,44.6,35.7,72.4
COPD0344,GOLD I,68,Female,Current,59.3,21.1,84.0
COPD0345,GOLD III,55,Male,Former,28.9,28.2,25.0
COPD0346,GOLD III,55,Female,Former,40.5,28.7,49.0
COPD0347,GOLD I,57,Male,Current,45.9,28.0,96.0
COPD0348,GOLD I,54,Female,Current,44.1,24.1,79.9
COPD0349,GOLD III,68,Male,Never,44.1,33.4,39.0
COPD0350,GOLD III,64,Male,Current,22.2,27.0,35.4
COPD0351,GOLD I,72,Female,Current,61.9,17.4,81.5
COPD0352,GOLD IV,54,Female,Never,41.1,25.6,14.0
COPD0353,GOLD II,74,Female,Current,61.5,16.0,60.3
COPD0354,GOLD II,64,Female,Current,7.8,28.6,50.1
COPD0356,GOLD I,74,Male,Former,39.4,21.1,83.0
COPD0357,GOLD I,66,Male,Current,34.8,23.9,82.7
COPD0359,GOLD II,50,Male,Former,33.2,24.3,68.0
COPD0361,GOLD II,58,Male,Former,40.7,26.7,70.4
COPD0362,GOLD II,49,Male,Current,28.5,22.6,69.2
COPD0363,GOLD III,54,Male,Former,59.0,23.6,43.5
COPD0364,GOLD III,67,Male,Current,45.2,24.7,33.9
COPD0366,GOLD IV,57,Male,Former,38.7,26.7,24.7
COPD0367,GOLD III,56,Female,Current,18.0,26.2,36.0
COPD0369,GOLD II,61,Female,Current,41.4,29.1,66.0
COPD0370,GOLD II,50,Female,Former,12.1,22.6,76.9
COPD0372,GOLD II,82,Female,Former,47.0,28.3,54.9
COPD0373,GOLD I,82,Female,Former,45.2,24.5,85.0
COPD0374,GOLD III,79,Male,Current,26.1,24.8,32.0
COPD0375,GOLD IV,59,Female,Current,43.8,20.8,25.1
COPD0376,GOLD II,66,Female,Former,44.1,23.1,53.8
COPD0377,GOLD II,48,Male,Former,25.1,26.4,68.9
COPD0378,GOLD IV,78,Male,Former,50.7,28.9,28.7
COPD0379,GOLD II,63,Male,Current,45.9,23.9,67.5
COPD0380,GOLD II,74,Male,Current,16.5,24.2,61.1
COPD0381,GOLD II,81,Female,Current,36.8,25.8,57.0
