patient_id,dili_grade,age,sex,tumour_type,dose_mg,treatment_cycle,alt_baseline_u_l,alt_peak_u_l
PT0001,Grade 3,58,Male,Breast,50,6,20.8,477.5
PT0002,Grade 0,65,Male,Colorectal,100,5,18.6,29.8
PT0003,Grade 1,62,Female,NSCLC,200,3,28.5,92.8
PT0004,Grade 0,53,Female,Other,50,6,18.4,26.4
PT0005,Grade 3,57,Female,Breast,200,4,28.2,328.3
PT0006,Grade 2,66,Male,NSCLC,200,5,20.2,200.4
PT0007,Grade 1,52,Male,NSCLC,200,5,27.1,64.1
PT0008,Grade 0,45,Male,NSCLC,50,6,35.3,65.5
PT0009,Grade 0,67,Female,Breast,200,1,26.6,42.4
PT0010,Grade 1,57,Male,NSCLC,50,2,23.1,117.5
PT0011,Grade 2,60,Male,Melanoma,200,4,22.2,201.8
PT0012,Grade 0,56,Male,NSCLC,50,1,12.1,27.6
PT0013,Grade 0,71,Female,Colorectal,100,5,11.2,33.7
PT0014,Grade 1,43,Male,Other,100,2,17.2,73.5
PT0015,Grade 3,73,Female,Other,50,2,35.2,261.8
PT0016,Grade 1,55,Female,Breast,200,3,21.1,65.8
PT0017,Grade 0,68,Male,Breast,200,5,25.0,18.1
PT0018,Grade 0,49,Male,NSCLC,200,3,18.2,32.1
PT0019,Grade 0,73,Male,Other,200,3,31.9,30.1
PT0020,Grade 1,38,Male,NSCLC,200,6,28.7,100.4
PT0021,Grade 2,74,Female,Colorectal,100,2,28.1,144.2
PT0022,Grade 2,38,Male,Colorectal,50,4,22.9,100.0
PT0023,Grade 1,71,Female,Melanoma,100,3,19.0,40.0
PT0024,Grade 2,56,Male,NSCLC,200,5,15.0,293.6
PT0025,Grade 0,66,Female,Melanoma,100,2,25.6,14.1
PT0026,Grade 0,50,Female,Breast,100,4,19.6,22.3
PT0027,Grade 3,46,Male,NSCLC,50,2,12.5,267.3
PT0028,Grade 0,42,Male,Other,100,6,31.6,17.4
PT0029,Grade 1,41,Female,NSCLC,200,6,19.1,79.6
PT0030,Grade 3,50,Male,Colorectal,200,3,26.3,717.6
PT0031,Grade 0,48,Male,Colorectal,50,2,27.8,32.0
PT0032,Grade 2,64,Female,Melanoma,200,2,23.2,100.0
PT0033,Grade 2,59,Female,Other,100,5,19.7,176.2
PT0034,Grade 3,62,Female,Breast,50,1,16.7,755.4
PT0035,Grade 1,45,Male,NSCLC,200,6,25.4,123.1
PT0036,Grade 1,53,Female,NSCLC,200,3,21.2,66.2
PT0037,Grade 1,58,Female,Colorectal,50,4,30.6,61.4
PT0038,Grade 3,59,Female,Other,100,4,22.4,244.1
PT0039,Grade 1,60,Male,Colorectal,200,4,19.2,75.3
PT0040,Grade 1,43,Male,Breast,50,5,27.8,40.0
PT0041,Grade 3,68,Male,Melanoma,100,5,24.7,975.6
PT0042,Grade 1,69,Female,Melanoma,200,1,32.0,73.1
PT0043,Grade 1,57,Female,Colorectal,100,2,22.9,40.0
PT0044,Grade 1,48,Female,NSCLC,200,3,18.7,40.1
PT0045,Grade 1,46,Male,Other,50,2,15.1,47.9
PT0046,Grade 3,65,Female,Breast,100,2,18.9,721.5
PT0047,Grade 1,46,Male,Breast,200,5,16.9,65.0
PT0048,Grade 0,48,Female,Melanoma,200,6,22.2,30.6
PT0049,Grade 0,62,Male,Colorectal,200,4,31.7,14.9
PT0050,Grade 0,51,Male,NSCLC,50,6,15.8,25.8
PT0051,Grade 0,63,Male,Breast,50,2,22.4,32.6
PT0052,Grade 0,52,Female,Breast,100,6,33.8,23.6
PT0053,Grade 0,53,Male,Breast,50,4,15.1,23.8
PT0054,Grade 2,65,Male,Melanoma,100,6,18.1,100.0
PT0055,Grade 2,63,Female,Colorectal,100,6,14.6,116.0
PT0056,Grade 1,62,Female,NSCLC,100,2,28.2,40.0
PT0057,Grade 1,38,Male,Other,50,2,30.0,40.0
PT0058,Grade 2,47,Female,NSCLC,100,4,14.7,160.9
PT0059,Grade 1,57,Female,Colorectal,100,5,43.4,55.7
PT0060,Grade 0,53,Male,Colorectal,100,4,21.2,44.2
PT0061,Grade 0,70,Female,NSCLC,50,4,21.4,14.9
PT0062,Grade 3,72,Male,Colorectal,200,3,22.0,226.0
PT0063,Grade 3,41,Male,Melanoma,100,4,20.6,371.9
PT0064,Grade 1,63,Male,Melanoma,50,5,27.5,52.3
PT0065,Grade 1,65,Male,Colorectal,200,4,18.5,42.1
PT0066,Grade 1,55,Male,Colorectal,200,5,22.7,130.4
PT0067,Grade 2,70,Male,Colorectal,200,3,28.1,215.8
PT0068,Grade 3,41,Male,Colorectal,100,4,28.3,410.5
PT0069,Grade 2,40,Male,Breast,50,3,22.4,149.1
PT0070,Grade 1,63,Male,NSCLC,100,4,21.2,56.3
PT0071,Grade 1,48,Female,Breast,50,5,16.4,42.7
PT0072,Grade 2,56,Male,Colorectal,200,6,21.8,116.4
PT0073,Grade 1,47,Female,Melanoma,200,2,30.7,79.3
PT0074,Grade 1,41,Female,Colorectal,200,2,21.3,49.3
PT0075,Grade 0,56,Female,Breast,200,2,19.9,46.8
PT0076,Grade 3,59,Female,Colorectal,50,3,19.5,180.0
PT0077,Grade 0,50,Male,NSCLC,100,4,23.6,40.5
PT0078,Grade 2,73,Male,Melanoma,200,4,15.0,110.0
PT0079,Grade 2,73,Male,Colorectal,100,5,18.6,116.4
PT0080,Grade 1,58,Male,Melanoma,50,4,16.4,55.6
PT0081,Grade 0,49,Female,NSCLC,100,3,25.1,16.0
PT0082,Grade 0,69,Female,Other,50,6,14.3,23.0
PT0083,Grade 0,41,Male,Colorectal,200,1,25.2,28.1
PT0084,Grade 0,74,Male,Other,200,3,22.6,45.5
PT0085,Grade 2,43,Male,Breast,50,5,21.5,105.3
PT0086,Grade 0,74,Male,NSCLC,100,4,12.9,29.5
PT0087,Grade 2,50,Male,Breast,100,6,22.7,131.6
PT0088,Grade 0,58,Female,Colorectal,50,5,21.1,15.7
PT0089,Grade 0,69,Male,Melanoma,100,3,16.5,14.5
PT0090,Grade 0,39,Female,Colorectal,100,4,21.2,57.5
PT0091,Grade 1,70,Female,Colorectal,50,5,21.7,46.1
PT0092,Grade 0,44,Female,Other,100,6,26.5,24.4
PT0093,Grade 0,44,Male,NSCLC,50,3,20.8,39.4
PT0094,Grade 1,54,Male,Breast,100,1,18.5,40.0
PT0095,Grade 2,65,Male,Breast,100,3,14.4,100.0
PT0096,Grade 2,73,Male,Breast,50,4,31.7,100.0
PT0097,Grade 0,62,Male,Colorectal,100,4,26.7,33.3
PT0098,Grade 2,67,Female,Other,50,5,25.1,135.8
PT0099,Grade 0,56,Female,Breast,100,4,22.8,20.2
PT0100,Grade 1,60,Male,Other,200,3,25.1,40.0
PT0101,Grade 2,59,Female,Melanoma,50,1,29.3,100.0
PT0102,Grade 2,50,Male,Colorectal,100,5,25.9,206.8
PT0103,Grade 3,51,Female,NSCLC,200,1,22.7,256.7
PT0104,Grade 3,42,Female,NSCLC,200,4,17.4,263.5
PT0105,Grade 2,54,Male,Colorectal,100,2,26.8,100.0
PT0106,Grade 2,68,Female,NSCLC,50,2,15.8,100.0
PT0107,Grade 1,48,Female,Melanoma,50,2,23.7,51.5
PT0108,Grade 1,53,Male,Colorectal,100,4,15.5,160.0
PT0109,Grade 0,48,Male,Colorectal,100,6,17.3,25.8
PT0110,Grade 1,67,Male,NSCLC,100,3,33.0,100.1
PT0111,Grade 0,58,Male,NSCLC,100,3,21.4,18.9
PT0112,Grade 2,41,Male,Breast,50,5,18.7,123.7
PT0113,Grade 0,58,Male,Colorectal,100,3,36.0,21.1
PT0114,Grade 0,65,Male,Melanoma,100,5,30.7,27.2
PT0115,Grade 1,56,Male,Colorectal,100,1,21.0,40.0
PT0116,Grade 2,70,Male,NSCLC,100,4,22.0,100.0
PT0117,Grade 2,71,Male,Breast,100,3,33.7,250.3
PT0118,Grade 2,61,Male,Other,100,4,33.6,126.4
PT0119,Grade 0,55,Male,Other,50,3,31.5,22.7
PT0120,Grade 0,54,Male,NSCLC,200,6,33.0,21.2
PT0121,Grade 0,65,Male,Other,100,6,15.9,29.2
PT0122,Grade 2,45,Male,Melanoma,100,4,20.9,113.4
PT0123,Grade 2,62,Female,Breast,50,1,33.1,100.0
PT0124,Grade 0,60,Female,Colorectal,50,3,34.0,45.6
PT0125,Grade 1,43,Male,Colorectal,100,1,15.9,64.2
PT0126,Grade 0,59,Male,Melanoma,200,3,24.1,40.8
PT0127,Grade 0,69,Female,Colorectal,50,3,21.0,28.2
PT0128,Grade 1,72,Male,Breast,50,4,14.8,53.6
PT0129,Grade 0,71,Male,Breast,50,3,13.5,21.4
PT0130,Grade 3,42,Male,Colorectal,200,2,20.5,559.7
PT0131,Grade 1,74,Male,NSCLC,100,4,12.7,57.7
PT0132,Grade 3,52,Male,Colorectal,200,5,33.1,318.9
PT0133,Grade 0,52,Male,Breast,200,5,22.4,15.6
PT0134,Grade 1,60,Male,Breast,50,1,22.7,66.4
PT0135,Grade 1,57,Male,Melanoma,50,3,23.6,43.8
PT0136,Grade 0,38,Female,Colorectal,200,3,22.3,26.1
PT0137,Grade 0,62,Male,Colorectal,100,6,20.9,41.2
PT0138,Grade 2,61,Female,Other,100,4,22.0,100.0
PT0139,Grade 1,40,Male,NSCLC,100,6,34.7,62.7
PT0140,Grade 0,55,Male,NSCLC,50,3,20.0,24.4
PT0141,Grade 1,53,Male,Melanoma,200,4,23.6,52.1
PT0142,Grade 0,59,Female,Colorectal,200,2,24.7,22.0
PT0143,Grade 2,69,Male,Colorectal,100,1,24.0,137.2
PT0144,Grade 1,59,Female,Melanoma,100,4,29.0,40.0
PT0145,Grade 2,52,Male,Breast,100,5,28.7,183.7
PT0146,Grade 0,62,Male,Melanoma,50,4,27.6,30.4
PT0147,Grade 2,65,Male,NSCLC,100,4,28.2,106.1
PT0148,Grade 1,70,Male,Other,100,1,14.5,76.2
PT0149,Grade 0,63,Male,NSCLC,50,4,18.3,41.5
PT0150,Grade 2,56,Female,Colorectal,100,1,21.4,112.3
PT0151,Grade 0,57,Female,Breast,100,2,15.6,38.7
PT0152,Grade 1,74,Male,Colorectal,100,1,17.4,91.3
PT0153,Grade 1,43,Male,Colorectal,100,4,20.5,67.6
PT0154,Grade 0,50,Male,Colorectal,100,2,30.8,27.2
PT0155,Grade 3,45,Female,NSCLC,100,6,28.7,331.6
PT0156,Grade 0,71,Female,Colorectal,100,4,19.1,46.1
PT0157,Grade 3,50,Male,Breast,100,5,15.7,180.0
PT0158,Grade 1,49,Male,Colorectal,100,5,24.6,62.1
PT0159,Grade 2,70,Female,NSCLC,50,5,17.5,100.0
PT0160,Grade 2,68,Female,Breast,50,1,34.3,106.7
PT0161,Grade 0,48,Male,Breast,50,6,14.7,20.4
PT0162,Grade 1,74,Male,Colorectal,50,6,28.8,74.8
PT0163,Grade 3,39,Female,Colorectal,200,4,18.8,258.3
PT0164,Grade 2,46,Male,Colorectal,200,3,37.1,114.6
PT0165,Grade 1,42,Male,Breast,100,1,43.7,67.1
PT0166,Grade 0,72,Female,Colorectal,50,3,21.9,19.3
PT0167,Grade 2,45,Male,Colorectal,100,5,21.8,142.7
PT0168,Grade 1,50,Male,Other,100,2,17.9,160.0
PT0169,Grade 3,38,Male,Melanoma,100,5,25.6,506.6
PT0170,Grade 0,53,Female,NSCLC,100,2,30.1,27.5
PT0171,Grade 0,56,Female,NSCLC,200,5,27.2,34.7
PT0172,Grade 0,63,Female,Melanoma,100,1,34.0,28.1
PT0173,Grade 0,70,Female,Other,200,3,24.0,29.3
PT0174,Grade 1,41,Male,Colorectal,200,5,24.9,44.4
PT0175,Grade 0,67,Male,Breast,200,6,28.0,11.2
PT0176,Grade 0,40,Male,NSCLC,200,1,26.3,25.8
PT0177,Grade 1,72,Male,Melanoma,100,4,13.0,49.0
PT0178,Grade 3,69,Male,Other,100,4,16.9,217.6
PT0179,Grade 0,72,Male,Colorectal,50,5,18.0,22.1
PT0180,Grade 2,55,Female,Melanoma,50,6,14.3,108.4
PT0181,Grade 1,62,Female,NSCLC,50,3,24.9,68.6
PT0182,Grade 0,42,Male,NSCLC,50,4,29.9,36.0
PT0183,Grade 0,62,Male,NSCLC,100,3,37.0,33.3
PT0184,Grade 1,46,Male,Melanoma,100,3,30.3,55.2
PT0185,Grade 0,66,Male,NSCLC,50,5,20.5,34.8
PT0186,Grade 3,58,Male,Colorectal,50,2,32.0,180.0
PT0187,Grade 2,42,Female,NSCLC,100,4,21.1,140.7
PT0188,Grade 1,49,Female,Breast,50,3,22.3,43.7
PT0189,Grade 0,52,Female,Melanoma,200,2,23.4,23.9
PT0190,Grade 1,48,Male,Colorectal,200,4,20.5,40.0
PT0191,Grade 1,59,Female,NSCLC,50,4,25.3,44.4
PT0192,Grade 0,57,Male,Other,50,3,23.2,22.2
PT0193,Grade 0,41,Male,Colorectal,200,5,27.7,21.7
PT0194,Grade 2,47,Male,NSCLC,100,3,35.1,258.1
PT0195,Grade 2,49,Male,NSCLC,200,5,32.5,124.1
PT0196,Grade 0,72,Male,Colorectal,200,2,18.2,31.3
PT0197,Grade 2,50,Male,NSCLC,50,6,26.9,138.0
PT0198,Grade 3,48,Male,Breast,100,4,15.2,180.0
PT0199,Grade 0,71,Female,Breast,100,3,16.1,27.4
PT0200,Grade 0,64,Female,Melanoma,50,6,20.8,28.7
PT0201,Grade 0,47,Female,Colorectal,50,3,14.3,24.3
PT0202,Grade 0,47,Male,NSCLC,50,2,35.5,29.2
PT0203,Grade 2,48,Female,Melanoma,200,5,14.2,100.0
PT0204,Grade 0,58,Female,Other,200,1,27.3,66.8
PT0205,Grade 2,40,Male,Other,50,5,21.1,132.6
PT0206,Grade 0,45,Female,Breast,50,1,20.8,22.2
PT0207,Grade 3,53,Female,Colorectal,100,6,20.2,260.5
PT0208,Grade 3,72,Female,Other,200,6,20.3,803.5
PT0209,Grade 3,64,Male,NSCLC,200,3,30.9,447.5
PT0210,Grade 3,44,Female,NSCLC,50,5,20.9,427.3
PT0211,Grade 1,73,Female,Melanoma,100,3,15.1,48.3
PT0212,Grade 1,57,Female,Melanoma,100,3,14.1,42.9
PT0213,Grade 2,40,Male,Colorectal,50,2,19.3,170.8
PT0214,Grade 1,39,Male,Colorectal,200,4,42.5,89.5
PT0215,Grade 2,58,Female,Breast,200,2,19.7,247.4
PT0216,Grade 3,54,Male,Other,50,1,17.3,180.0
PT0217,Grade 0,52,Male,Breast,100,2,32.5,20.8
PT0218,Grade 1,43,Male,Breast,100,3,24.0,113.2
PT0219,Grade 0,42,Male,NSCLC,50,3,15.9,32.2
PT0220,Grade 3,47,Male,Other,200,3,18.8,422.3
PT0221,Grade 0,45,Male,Breast,100,3,29.6,36.6
PT0222,Grade 1,40,Male,Melanoma,200,1,32.9,41.2
PT0223,Grade 1,53,Female,Colorectal,100,4,18.6,78.2
PT0224,Grade 1,47,Male,Melanoma,200,2,21.8,44.6
PT0225,Grade 2,47,Male,Colorectal,50,3,16.8,157.5
PT0226,Grade 0,54,Male,NSCLC,100,5,21.6,28.9
PT0227,Grade 0,50,Male,NSCLC,200,2,22.7,39.1
PT0228,Grade 1,68,Male,Breast,200,6,21.1,60.4
PT0229,Grade 1,45,Male,NSCLC,200,5,21.7,102.7
PT0230,Grade 2,72,Male,NSCLC,100,1,29.9,133.4
PT0231,Grade 0,53,Male,Melanoma,200,3,19.5,26.6
PT0232,Grade 1,50,Male,Melanoma,100,1,20.1,89.1
PT0233,Grade 2,39,Male,Breast,100,4,13.9,138.3
PT0234,Grade 0,72,Female,Colorectal,50,2,17.0,16.3
PT0235,Grade 1,45,Male,NSCLC,100,4,19.8,114.2
PT0236,Grade 3,41,Male,NSCLC,100,5,17.4,230.3
PT0237,Grade 1,41,Female,Other,50,1,17.4,67.0
PT0238,Grade 1,66,Male,NSCLC,200,4,29.5,51.4
PT0239,Grade 1,48,Male,Other,50,4,20.1,91.7
PT0240,Grade 0,54,Female,Colorectal,100,4,17.3,26.2
PT0241,Grade 0,64,Male,Melanoma,50,4,20.8,21.0
PT0242,Grade 0,64,Female,Melanoma,100,5,28.6,28.4
PT0243,Grade 1,61,Male,Other,100,1,18.2,57.2
PT0244,Grade 0,58,Female,Melanoma,100,1,26.5,31.9
PT0245,Grade 1,61,Male,NSCLC,50,1,19.5,72.5
PT0246,Grade 2,38,Male,Breast,200,1,24.3,126.7
